model,n,RMSE,MAE,naive_rmse_same,DirAcc,DirAcc_p,DM_vs_naive_p,frac_pred_up,rmse_gap_closed_%,diracc_gap_vs_coin_%,diracc_gap_vs_drift_%
naive_zero,1380,0.021093639265186218,0.013818281323402851,0.021093639265186218,,,,,,,
ARIMA,1380,0.021067867620697834,0.01378938928903918,0.021093639265186218,0.5144927536231884,0.29378656359586536,0.782594001763439,0.8188405797101449,0.12217732637022086,2.898550724637672,-6.0126582278481235
GJR-GARCH-t (mean),1380,0.02106149093140587,0.013746728249599311,0.021093639265186218,0.5427536231884058,0.0016258168180043207,0.5892194364532084,0.9978260869565218,0.15240771578665047,8.550724637681162,0.15822784810125684
LightGBM (baseline),1380,0.021684770942632475,0.014314534262852483,0.021093639265186218,0.48333333333333334,0.22574466140630534,0.00292371876914177,0.47753623188405797,-2.8024167381201224,-3.3333333333333326,-12.816455696202544
LightGBM (tuned),1380,0.021074048213237506,0.01376615831397041,0.021093639265186218,0.5420289855072464,0.0019528918435050507,0.5331502019320284,1.0,0.09287658569683566,8.405797101449286,0.0
LSTM+Attention (GPU),1140,0.02030592648656786,0.013504281004291097,0.020040726978760474,0.49122807017543857,0.5736369558778593,0.003679458124179913,0.512280701754386,-1.3233028327188447,-1.7543859649122862,-11.092604930046654
Ensemble GARCH+LSTM,1140,0.02005071833872962,0.013180140029709334,0.020040726978760474,0.512280701754386,0.4239137041000349,0.8232179970218816,0.6771929824561403,-0.04985527710514022,2.4561403508772006,-6.4956695536309175
